Column1,Column2
https://bblais.github.io/statistical-inference-for-everyone.html,https://bblais.github.io/posts/2019/Jan/14/stats-for-everyone/
https://bblais.github.io/physics-and-flash-mind-reader.html,https://bblais.github.io/posts/2014/Jan/22/physics-and-the-flash-mind-reader/
https://bblais.github.io/football-statistics-and-inference.html,https://bblais.github.io/posts/2015/Jun/24/football-physics/
https://bblais.github.io/230-miles-per-gallon.html,https://bblais.github.io/posts/2009/Aug/12/230-miles-per-gallon
https://bblais.github.io/a-great-observation.html,https://bblais.github.io/posts/2009/Dec/01/a-great-observation
https://bblais.github.io/universality-of-religion.html,https://bblais.github.io/posts/2009/Dec/06/universality-of-religion
https://bblais.github.io/climate-change-denial-is-not-the-same-as-evolution-denial.html,https://bblais.github.io/posts/2009/Dec/11/climate-change-denial-is-not-the-same-as-evolution-denial
https://bblais.github.io/word-of-the-day-micromort.html,https://bblais.github.io/posts/2009/Dec/12/word-of-the-day-micromort
https://bblais.github.io/polar-bears-data-opinions-and-global-warming.html,https://bblais.github.io/posts/2009/Dec/22/polar-bears-data-opinions-and-global-warming
https://bblais.github.io/beginnings.html,https://bblais.github.io/posts/2009/Jul/07/beginnings
https://bblais.github.io/a-little-geometry.html,https://bblais.github.io/posts/2009/Jul/08/a-little-geometry
https://bblais.github.io/erroneous-probabilistic-reasoning.html,https://bblais.github.io/posts/2009/Jul/08/erroneous-probabilistic-reasoning
https://bblais.github.io/homeopathic-medicine.html,https://bblais.github.io/posts/2009/Jul/10/homeopathic-medicine
https://bblais.github.io/laplace-and-the-divine.html,https://bblais.github.io/posts/2009/Jul/19/laplace-and-the-divine
https://bblais.github.io/misunderstanding-laplace.html,https://bblais.github.io/posts/2009/Jul/19/misunderstanding-laplace
https://bblais.github.io/a-quick-comment-on-error.html,https://bblais.github.io/posts/2009/Jul/20/a-quick-comment-on-error
https://bblais.github.io/neat-way-to-introduce-programming.html,https://bblais.github.io/posts/2009/Jul/24/neat-way-to-introduce-programming
https://bblais.github.io/silly-challenge-to-silly-statement.html,https://bblais.github.io/posts/2009/Jul/24/silly-challenge-to-silly-statement
https://bblais.github.io/free-will.html,https://bblais.github.io/posts/2009/Jul/30/free-will
https://bblais.github.io/yet-another-reason-to-leave-iraq-dowsing-for-bombs.html,https://bblais.github.io/posts/2009/Nov/14/yet-another-reason-to-leave-iraq-dowsing-for-bombs
https://bblais.github.io/autotune-science-and-creativity.html,https://bblais.github.io/posts/2009/Nov/18/autotune-science-and-creativity
https://bblais.github.io/information.html,https://bblais.github.io/posts/2009/Nov/30/information
https://bblais.github.io/disturbing-video-misusing-einsteins-name.html,https://bblais.github.io/posts/2009/Oct/11/disturbing-video-misusing-einsteins-name
https://bblais.github.io/netflix-prize.html,https://bblais.github.io/posts/2009/Oct/12/netflix-prize
https://bblais.github.io/a-nice-series-to-look-at.html,https://bblais.github.io/posts/2009/Sep/02/a-nice-series-to-look-at
https://bblais.github.io/frequentist-thinking-or-just-bad-math.html,https://bblais.github.io/posts/2009/Sep/10/frequentist-thinking-or-just-bad-math
https://bblais.github.io/probability-problems-and-simulation.html,https://bblais.github.io/posts/2009/Sep/16/probability-problems-and-simulation
https://bblais.github.io/recovery-from-vision.html,https://bblais.github.io/posts/2009/Sep/16/recovery-from-vision
https://bblais.github.io/nice-talk-about-science-and-vaccination.html,https://bblais.github.io/posts/2010/Apr/19/nice-talk-about-science-and-vaccination
https://bblais.github.io/the-non-psychic-octopus.html,https://bblais.github.io/posts/2010/Aug/28/the-non-psychic-octopus
https://bblais.github.io/orthodox-statistics-conducive-to-pseudo-science.html,https://bblais.github.io/posts/2010/Aug/31/orthodox-statistics-conducive-to-pseudo-science
https://bblais.github.io/are-science-and-religion-incompatible.html,https://bblais.github.io/posts/2010/Dec/01/are-science-and-religion-incompatible
https://bblais.github.io/a-moral-argument-for-god.html,https://bblais.github.io/posts/2010/Dec/30/a-moral-argument-for-god
https://bblais.github.io/magnetic-therapy-getting-under-my-skin.html,https://bblais.github.io/posts/2010/Feb/21/magnetic-therapy-getting-under-my-skin
https://bblais.github.io/coin-flips-and-names-evil-problems-in-probability-continued.html,https://bblais.github.io/posts/2010/Feb/22/coin-flips-and-names-evil-problems-in-probability-continued
https://bblais.github.io/a-bit-of-must-read-economics.html,https://bblais.github.io/posts/2010/Feb/23/a-bit-of-must-read-economics
https://bblais.github.io/the-not-so-hidden-flaw-in-this-climate-argument.html,https://bblais.github.io/posts/2010/Feb/26/the-not-so-hidden-flaw-in-this-climate-argument
https://bblais.github.io/cool-little-fact-of-the-day.html,https://bblais.github.io/posts/2010/Jan/04/cool-little-fact-of-the-day
https://bblais.github.io/there-once-was-a-girl-named-florida-a-k-a-evil-problems-in-probability.html,https://bblais.github.io/posts/2010/Jan/05/there-once-was-a-girl-named-florida-a-k-a-evil-problems-in-probability
https://bblais.github.io/weird-associations-and-the-brain.html,https://bblais.github.io/posts/2010/Jan/05/weird-associations-and-the-brain
https://bblais.github.io/a-teachable-moment-lost.html,https://bblais.github.io/posts/2010/Jan/07/a-teachable-moment-lost
https://bblais.github.io/believing-the-unbelieveable.html,https://bblais.github.io/posts/2010/Jan/08/believing-the-unbelieveable
https://bblais.github.io/creativity-science-and-the-brain.html,https://bblais.github.io/posts/2010/Jan/12/creativity-science-and-the-brain
https://bblais.github.io/economics.html,https://bblais.github.io/posts/2010/Jan/31/economics
https://bblais.github.io/faith-and-science.html,https://bblais.github.io/posts/2010/Jan/31/faith-and-science
https://bblais.github.io/a-new-and-content-free-model.html,https://bblais.github.io/posts/2010/Jul/11/a-new-and-content-free-model
https://bblais.github.io/lord-of-the-rings.html,https://bblais.github.io/posts/2010/Jun/07/lord-of-the-rings
https://bblais.github.io/battlestar-galactica-lost-and-babylon-5-to-plan-or-not-to-plan.html,https://bblais.github.io/posts/2010/Jun/08/battlestar-galactica-lost-and-babylon-5-to-plan-or-not-to-plan
https://bblais.github.io/one-last-tv-post-about-battlestar-galactica.html,https://bblais.github.io/posts/2010/Jun/08/one-last-tv-post-about-battlestar-galactica
https://bblais.github.io/religion-and-scientists.html,https://bblais.github.io/posts/2010/Jun/08/religion-and-scientists
https://bblais.github.io/pascals-global-warming.html,https://bblais.github.io/posts/2010/Jun/25/pascals-global-warming
https://bblais.github.io/glenn-beck-on-science.html,https://bblais.github.io/posts/2010/Nov/22/glenn-beck-on-science
https://bblais.github.io/is-x2-positive-or-negative.html,https://bblais.github.io/posts/2010/Nov/22/is-x2-positive-or-negative
https://bblais.github.io/power-unbalance.html,https://bblais.github.io/posts/2010/Oct/08/power-unbalance
https://bblais.github.io/why-pseudoscientists-like-the-chi-square-test-and-why-it-shouldnt-be-taught.html,https://bblais.github.io/posts/2010/Sep/01/why-pseudoscientists-like-the-chi-square-test-and-why-it-shouldnt-be-taught
https://bblais.github.io/god-and-hawking.html,https://bblais.github.io/posts/2010/Sep/12/god-and-hawking
https://bblais.github.io/multiple-model-comparisons-revisited.html,https://bblais.github.io/posts/2010/Sep/25/multiple-model-comparisons-revisited
https://bblais.github.io/about.html,https://bblais.github.io/posts/2010/Sep/27/about
https://bblais.github.io/mystery-knowledge-science-and-television.html,https://bblais.github.io/posts/2011/Aug/03/mystery-knowledge-science-and-television
https://bblais.github.io/conversation-with-steve-winsor.html,https://bblais.github.io/posts/2011/Dec/06/conversation-with-steve-winsor
https://bblais.github.io/whats-wrong-with-this.html,https://bblais.github.io/posts/2011/Dec/06/whats-wrong-with-this
https://bblais.github.io/things-science-cant-explain.html,https://bblais.github.io/posts/2011/Dec/09/things-science-cant-explain
https://bblais.github.io/more-fine-tuning-not.html,https://bblais.github.io/posts/2011/Dec/15/more-fine-tuning-not
https://bblais.github.io/presuppositionalism-vs-evidentialism.html,https://bblais.github.io/posts/2011/Dec/19/presuppositionalism-vs-evidentialism
https://bblais.github.io/closed-to-the-supernatural.html,https://bblais.github.io/posts/2011/Dec/20/closed-to-the-supernatural
https://bblais.github.io/the-bible-foreshadows-scientific-discoveries.html,https://bblais.github.io/posts/2011/Dec/22/the-bible-foreshadows-scientific-discoveries
https://bblais.github.io/einstein-and-the-motives-of-scientists.html,https://bblais.github.io/posts/2011/Dec/27/einstein-and-the-motives-of-scientists
https://bblais.github.io/the-world-is-flat.html,https://bblais.github.io/posts/2011/Feb/11/the-world-is-flat
https://bblais.github.io/bill-oreilly-tides-and-the-god-of-the-gaps.html,https://bblais.github.io/posts/2011/Feb/15/bill-oreilly-tides-and-the-god-of-the-gaps
https://bblais.github.io/the-role-of-humanity-into-the-future.html,https://bblais.github.io/posts/2011/Feb/16/the-role-of-humanity-into-the-future
https://bblais.github.io/20-years-of-being-an-atheist-ends-today.html,https://bblais.github.io/posts/2011/Feb/17/20-years-of-being-an-atheist-ends-today
https://bblais.github.io/wonders-in-science-2.html,https://bblais.github.io/posts/2011/Feb/18/wonders-in-science-2
https://bblais.github.io/creationism-and-strawmen.html,https://bblais.github.io/posts/2011/Feb/22/creationism-and-strawmen
https://bblais.github.io/does-watson-think.html,https://bblais.github.io/posts/2011/Feb/23/does-watson-think
https://bblais.github.io/a-reasonable-perspective-on-global-warming.html,https://bblais.github.io/posts/2011/Feb/24/a-reasonable-perspective-on-global-warming
https://bblais.github.io/wonders-in-science.html,https://bblais.github.io/posts/2011/Feb/25/wonders-in-science
https://bblais.github.io/francis-collins-science-and-religion-how-religion-halts-science.html,https://bblais.github.io/posts/2011/Jan/10/francis-collins-science-and-religion-how-religion-halts-science
https://bblais.github.io/religion-science-and-humility.html,https://bblais.github.io/posts/2011/Jan/14/religion-science-and-humility
https://bblais.github.io/predictions-for-the-australian-open.html,https://bblais.github.io/posts/2011/Jan/18/predictions-for-the-australian-open
https://bblais.github.io/a-modest-proposal-about-uncertainty.html,https://bblais.github.io/posts/2011/Jan/29/a-modest-proposal-about-uncertainty
https://bblais.github.io/the-economics-of-religion-more-good-than-harm.html,https://bblais.github.io/posts/2011/Jan/29/the-economics-of-religion-more-good-than-harm
https://bblais.github.io/science-and-attitudes-toward-criticism.html,https://bblais.github.io/posts/2011/Jul/26/science-and-attitudes-toward-criticism
https://bblais.github.io/knowledge-and-belief.html,https://bblais.github.io/posts/2011/Jul/27/knowledge-and-belief
https://bblais.github.io/climate-and-the-moon.html,https://bblais.github.io/posts/2011/Jul/28/climate-and-the-moon
https://bblais.github.io/reaping-the-benefits-of-science-while-hostile-to-science.html,https://bblais.github.io/posts/2011/Jun/02/reaping-the-benefits-of-science-while-hostile-to-science
https://bblais.github.io/religion-scripture-and-the-source-of-morality.html,https://bblais.github.io/posts/2011/Mar/08/religion-scripture-and-the-source-of-morality
https://bblais.github.io/energy-bracelet-experience.html,https://bblais.github.io/posts/2011/Mar/09/energy-bracelet-experience
https://bblais.github.io/frivolous-research-in-science.html,https://bblais.github.io/posts/2011/May/28/frivolous-research-in-science
https://bblais.github.io/language-of-science.html,https://bblais.github.io/posts/2011/Nov/07/language-of-science
https://bblais.github.io/offended-by-prayer-on-a-mural.html,https://bblais.github.io/posts/2011/Nov/07/offended-by-prayer-on-a-mural
https://bblais.github.io/a-sensible-post-on-climate-change-for-a-change.html,https://bblais.github.io/posts/2011/Nov/09/a-sensible-post-on-climate-change-for-a-change
https://bblais.github.io/best-evidence-for.html,https://bblais.github.io/posts/2011/Nov/29/best-evidence-for
https://bblais.github.io/faster-than-light-why-the-lawyer-is-wrong.html,https://bblais.github.io/posts/2011/Oct/14/faster-than-light-why-the-lawyer-is-wrong
https://bblais.github.io/faster-than-light-a-likely-solution.html,https://bblais.github.io/posts/2011/Oct/16/faster-than-light-a-likely-solution
https://bblais.github.io/the-florida-problem-a-new-intuition.html,https://bblais.github.io/posts/2011/Oct/30/the-florida-problem-a-new-intuition
https://bblais.github.io/presuppositionalist-arguments.html,https://bblais.github.io/posts/2012/Aug/19/presuppositionalist-arguments
https://bblais.github.io/statistics-vs-probability.html,https://bblais.github.io/posts/2012/Aug/31/statistics-vs-probability
https://bblais.github.io/logical-vs-reasonable.html,https://bblais.github.io/posts/2012/Dec/07/logical-vs-reasonable
https://bblais.github.io/science-refutes-god-debate.html,https://bblais.github.io/posts/2012/Dec/11/science-refutes-god-debate
https://bblais.github.io/santa-and-other-delusions.html,https://bblais.github.io/posts/2012/Jan/04/santa-and-other-delusions
https://bblais.github.io/bayes-and-hiccups-practical-working-solutions-that-no-one-seems-to-know.html,https://bblais.github.io/posts/2012/Jan/14/bayes-and-hiccups-practical-working-solutions-that-no-one-seems-to-know
https://bblais.github.io/best-quote-in-a-while-about-global-warming.html,https://bblais.github.io/posts/2012/Jan/27/best-quote-in-a-while-about-global-warming
https://bblais.github.io/lessons-from-bayes-rule.html,https://bblais.github.io/posts/2012/Jun/03/lessons-from-bayes-rule
https://bblais.github.io/what-is-good-in-religion.html,https://bblais.github.io/posts/2012/Mar/05/what-is-good-in-religion
https://bblais.github.io/evolution-and-rationality.html,https://bblais.github.io/posts/2012/Mar/06/evolution-and-rationality
https://bblais.github.io/on-being-wrong.html,https://bblais.github.io/posts/2012/Mar/20/on-being-wrong
https://bblais.github.io/free-will-and-entropy.html,https://bblais.github.io/posts/2012/May/07/free-will-and-entropy
https://bblais.github.io/suppression-of-ideas-in-science.html,https://bblais.github.io/posts/2012/May/14/suppression-of-ideas-in-science
https://bblais.github.io/a-few-things-about-carl-sagan.html,https://bblais.github.io/posts/2012/Nov/09/a-few-things-about-carl-sagan
https://bblais.github.io/god-does-not-exist-clearly.html,https://bblais.github.io/posts/2012/Nov/26/god-does-not-exist-clearly
https://bblais.github.io/critical-thinking.html,https://bblais.github.io/posts/2012/Oct/11/critical-thinking
https://bblais.github.io/breaking-news-doctor-hallucinates-and-is-convinced-that-science-is-wrong.html,https://bblais.github.io/posts/2012/Oct/12/breaking-news-doctor-hallucinates-and-is-convinced-that-science-is-wrong
https://bblais.github.io/bayesian-thinking.html,https://bblais.github.io/posts/2012/Oct/16/bayesian-thinking
https://bblais.github.io/great-science-ads.html,https://bblais.github.io/posts/2012/Oct/16/great-science-ads
https://bblais.github.io/aliens.html,https://bblais.github.io/posts/2012/Sep/07/aliens
https://bblais.github.io/naturalistic-bias-presupposing-naturalism.html,https://bblais.github.io/posts/2012/Sep/25/naturalistic-bias-presupposing-naturalism
https://bblais.github.io/10-signs-of-intellectual-honesty.html,https://bblais.github.io/posts/2013/Apr/20/10-signs-of-intellectual-honesty
https://bblais.github.io/some-recent-presentations.html,https://bblais.github.io/posts/2013/Apr/24/some-recent-presentations
https://bblais.github.io/consciousness-in-infants.html,https://bblais.github.io/posts/2013/Apr/28/consciousness-in-infants
https://bblais.github.io/trying-to-figure-out-fiction-i-like-game-of-thrones-semi-fail.html,https://bblais.github.io/posts/2013/Aug/19/trying-to-figure-out-fiction-i-like-game-of-thrones-semi-fail
https://bblais.github.io/textual-transmission-bottlenecks.html,https://bblais.github.io/posts/2013/Aug/20/textual-transmission-bottlenecks
https://bblais.github.io/presuppositions-and-science.html,https://bblais.github.io/posts/2013/Aug/30/presuppositions-and-science
https://bblais.github.io/a-story-of-humanity.html,https://bblais.github.io/posts/2013/Dec/01/a-story-of-humanity
https://bblais.github.io/religion-and-the-illusion-of-moral-authority.html,https://bblais.github.io/posts/2013/Dec/18/religion-and-the-illusion-of-moral-authority
https://bblais.github.io/there-is-no-population.html,https://bblais.github.io/posts/2013/Feb/13/there-is-no-population
https://bblais.github.io/resurrection-linear-regression-and-the-art-of-harmonization.html,https://bblais.github.io/posts/2013/Feb/15/resurrection-linear-regression-and-the-art-of-harmonization
https://bblais.github.io/unbelievable-project-a-non-believers-armchair-perspective-on-six-years-of-christian-debates.html,https://bblais.github.io/posts/2013/Feb/27/unbelievable-project-a-non-believers-armchair-perspective-on-six-years-of-christian-debates
https://bblais.github.io/baseball-and-the-naming-of-the-gospels.html,https://bblais.github.io/posts/2013/Jul/07/baseball-and-the-naming-of-the-gospels
https://bblais.github.io/unbelievable-project-the-probability-of-the-resurrection.html,https://bblais.github.io/posts/2013/Jul/11/unbelievable-project-the-probability-of-the-resurrection
https://bblais.github.io/a-question-for-theists-why-do-you-not-believe-ufos-are-alien-spacecraft.html,https://bblais.github.io/posts/2013/Jul/13/a-question-for-theists-why-do-you-not-believe-ufos-are-alien-spacecraft
https://bblais.github.io/what-would-it-take-for-me-to-believe-the-resurrection.html,https://bblais.github.io/posts/2013/Jul/27/what-would-it-take-for-me-to-believe-the-resurrection
https://bblais.github.io/model-helicopter-guided-by-power-of-thought.html,https://bblais.github.io/posts/2013/Jun/05/model-helicopter-guided-by-power-of-thought
https://bblais.github.io/miscellaneous-christian-topics-another-counter-to-marshall.html,https://bblais.github.io/posts/2013/Jun/07/miscellaneous-christian-topics-another-counter-to-marshall
https://bblais.github.io/the-source-of-morality.html,https://bblais.github.io/posts/2013/Jun/13/the-source-of-morality
https://bblais.github.io/rules-for-criticizing-opponents.html,https://bblais.github.io/posts/2013/Jun/14/rules-for-criticizing-opponents
https://bblais.github.io/unbelievable-project-does-christianity-enslave-are-we-better-off-without-belief-in-god.html,https://bblais.github.io/posts/2013/Mar/01/unbelievable-project-does-christianity-enslave-are-we-better-off-without-belief-in-god
https://bblais.github.io/unbelievable-project-gods-existence-free-will-and-faith-the-big-questions.html,https://bblais.github.io/posts/2013/Mar/04/unbelievable-project-gods-existence-free-will-and-faith-the-big-questions
https://bblais.github.io/unbelievable-project-atheist-and-christian-bloggers-discuss.html,https://bblais.github.io/posts/2013/Mar/06/unbelievable-project-atheist-and-christian-bloggers-discuss
https://bblais.github.io/unbelievable-project-god-delusion-debate-deluded-by-dawkins.html,https://bblais.github.io/posts/2013/Mar/08/unbelievable-project-god-delusion-debate-deluded-by-dawkins
https://bblais.github.io/unbelievable-project-john-lennox-debates-science-and-god-has-science-buried-god.html,https://bblais.github.io/posts/2013/Mar/11/unbelievable-project-john-lennox-debates-science-and-god-has-science-buried-god
https://bblais.github.io/unbelievable-project-the-new-atheism-barry-duke-and-david-marshall-debate.html,https://bblais.github.io/posts/2013/Mar/13/unbelievable-project-the-new-atheism-barry-duke-and-david-marshall-debate
https://bblais.github.io/unbelievable-project-a-proxy-atheist-explains-why-he-cant-believe.html,https://bblais.github.io/posts/2013/Mar/15/unbelievable-project-a-proxy-atheist-explains-why-he-cant-believe
https://bblais.github.io/unbelievable-project-miracles-and-healing-is-it-evidence-for-the-truth-of-christianity.html,https://bblais.github.io/posts/2013/Mar/18/unbelievable-project-miracles-and-healing-is-it-evidence-for-the-truth-of-christianity
https://bblais.github.io/proof-that-god-exists.html,https://bblais.github.io/posts/2013/Mar/21/proof-that-god-exists
https://bblais.github.io/a-funny-little-probability-problem-4.html,https://bblais.github.io/posts/2013/Mar/23/a-funny-little-probability-problem-4
https://bblais.github.io/a-funny-little-probability-problem-4,https://bblais.github.io/posts/2013/Mar/23/a-funny-little-probability-problem-4
https://bblais.github.io/a-funny-little-probability-problem-correct.html,https://bblais.github.io/posts/2013/Mar/23/a-funny-little-probability-problem-correct
https://bblais.github.io/a-funny-little-probability-problem-correct,https://bblais.github.io/posts/2013/Mar/23/a-funny-little-probability-problem-correct
https://bblais.github.io/a-funny-little-probability-problem-some-closure.html,https://bblais.github.io/posts/2013/Mar/25/a-funny-little-probability-problem-some-closure
https://bblais.github.io/design-the-origin-of-life-and-creationism.html,https://bblais.github.io/posts/2013/May/06/design-the-origin-of-life-and-creationism
https://bblais.github.io/creationist-math.html,https://bblais.github.io/posts/2013/May/10/creationist-math
https://bblais.github.io/a-little-about-miracles.html,https://bblais.github.io/posts/2013/May/21/a-little-about-miracles
https://bblais.github.io/star-trek-and-storytelling.html,https://bblais.github.io/posts/2013/May/30/star-trek-and-storytelling
https://bblais.github.io/science-as-entertainment.html,https://bblais.github.io/posts/2013/Nov/12/science-as-entertainment
https://bblais.github.io/the-trinity-and-coherency.html,https://bblais.github.io/posts/2013/Nov/19/the-trinity-and-coherency
https://bblais.github.io/life-meaning-and-entropy.html,https://bblais.github.io/posts/2013/Nov/21/life-meaning-and-entropy
https://bblais.github.io/nobel-prize-the-higgs-and-predictions.html,https://bblais.github.io/posts/2013/Oct/09/nobel-prize-the-higgs-and-predictions
https://bblais.github.io/knowledge-faith-and-belief.html,https://bblais.github.io/posts/2013/Oct/24/knowledge-faith-and-belief
https://bblais.github.io/god-in-the-head.html,https://bblais.github.io/posts/2013/Sep/02/god-in-the-head
https://bblais.github.io/the-supernatural-and-the-history-of-cosmology.html,https://bblais.github.io/posts/2013/Sep/04/the-supernatural-and-the-history-of-cosmology
https://bblais.github.io/origins-of-religion-two-hypotheses.html,https://bblais.github.io/posts/2013/Sep/13/origins-of-religion-two-hypotheses
https://bblais.github.io/what-to-do-when-youre-not-an-expert.html,https://bblais.github.io/posts/2013/Sep/19/what-to-do-when-youre-not-an-expert
https://bblais.github.io/moocs-and-treadmills.html,https://bblais.github.io/posts/2013/Sep/25/moocs-and-treadmills
https://bblais.github.io/the-fallacy-of-all-natural.html,https://bblais.github.io/posts/2013/Sep/26/the-fallacy-of-all-natural
https://bblais.github.io/what-sane-climate-discussion-looks-like.html,https://bblais.github.io/posts/2014/Aug/05/what-sane-climate-discussion-looks-like
https://bblais.github.io/what-evidence-would-it-take.html,https://bblais.github.io/posts/2014/Aug/15/what-evidence-would-it-take
https://bblais.github.io/whats-the-harm-in-alternative-medicine.html,https://bblais.github.io/posts/2014/Aug/26/whats-the-harm-in-alternative-medicine
https://bblais.github.io/evolution-and-morality.html,https://bblais.github.io/posts/2014/Dec/02/evolution-and-morality
https://bblais.github.io/why-python-is-the-language-everyone-should-learn.html,https://bblais.github.io/posts/2014/Dec/15/why-python-is-the-language-everyone-should-learn
https://bblais.github.io/the-longest-night-ever.html,https://bblais.github.io/posts/2014/Dec/23/the-longest-night-ever
https://bblais.github.io/latex-vs-word.html,https://bblais.github.io/posts/2014/Dec/31/latex-vs-word
https://bblais.github.io/creationism-laid-bare.html,https://bblais.github.io/posts/2014/Feb/06/creationism-laid-bare
https://bblais.github.io/scientific-knowledge.html,https://bblais.github.io/posts/2014/Feb/12/scientific-knowledge
https://bblais.github.io/is-astrology-scientific.html,https://bblais.github.io/posts/2014/Feb/26/is-astrology-scientific
https://bblais.github.io/a-new-year-and-a-deepity.html,https://bblais.github.io/posts/2014/Jan/06/a-new-year-and-a-deepity
https://bblais.github.io/new-website.html,https://bblais.github.io/posts/2014/Jan/10/new-website
https://bblais.github.io/why-the-new-website.html,https://bblais.github.io/posts/2014/Jan/13/why-the-new-website
https://bblais.github.io/new-year-and-new-website.html,https://bblais.github.io/posts/2014/Jan/14/new-year-and-new-website
https://bblais.github.io/statistical-inference-for-everyone-book-announcement.html,https://bblais.github.io/posts/2014/Jan/14/statistical-inference-for-everyone-book-announcement
https://bblais.github.io/the-cover-art-for-statistical-inference-for-everyone-sie.html,https://bblais.github.io/posts/2014/Jan/15/the-cover-art-for-statistical-inference-for-everyone-sie
https://bblais.github.io/chess-morality-and-well-being.html,https://bblais.github.io/posts/2014/Jan/17/chess-morality-and-well-being
https://bblais.github.io/philosophy-and-science-whats-the-difference.html,https://bblais.github.io/posts/2014/Jan/21/philosophy-and-science-whats-the-difference
https://bblais.github.io/physics-and-the-flash-mind-reader.html,https://bblais.github.io/posts/2014/Jan/22/physics-and-the-flash-mind-reader
https://bblais.github.io/properly-basic-obscurantism.html,https://bblais.github.io/posts/2014/Jan/24/properly-basic-obscurantism
https://bblais.github.io/unbelievable-project-did-jesus-exist-bart-ehrman-qa-18-august-2012.html,https://bblais.github.io/posts/2014/Jan/25/unbelievable-project-did-jesus-exist-bart-ehrman-qa-18-august-2012
https://bblais.github.io/did-christians-steal-christmas-22-december-2007.html,https://bblais.github.io/posts/2014/Jan/29/did-christians-steal-christmas-22-december-2007
https://bblais.github.io/anyone-using-the-term-scientific-proof-doesnt-know-science.html,https://bblais.github.io/posts/2014/Jan/31/anyone-using-the-term-scientific-proof-doesnt-know-science
https://bblais.github.io/faith-trust-and-evidence.html,https://bblais.github.io/posts/2014/Jul/24/faith-trust-and-evidence
https://bblais.github.io/is-faith-the-same-as-trust-or-baseless-belief.html,https://bblais.github.io/posts/2014/Jul/28/is-faith-the-same-as-trust-or-baseless-belief
https://bblais.github.io/what-is-science.html,https://bblais.github.io/posts/2014/Jul/29/what-is-science
https://bblais.github.io/do-healing-miracles-happen.html,https://bblais.github.io/posts/2014/Jun/03/do-healing-miracles-happen
https://bblais.github.io/free-or-not-so-free-will.html,https://bblais.github.io/posts/2014/Jun/04/free-or-not-so-free-will
https://bblais.github.io/its-unreasonable-to-believe-some-true-things.html,https://bblais.github.io/posts/2014/Jun/06/its-unreasonable-to-believe-some-true-things
https://bblais.github.io/turing-test-passed.html,https://bblais.github.io/posts/2014/Jun/09/turing-test-passed
https://bblais.github.io/statistical-heresies-the-movie.html,https://bblais.github.io/posts/2014/Jun/11/statistical-heresies-the-movie
https://bblais.github.io/bayesian-vs-frequentist-perspectives.html,https://bblais.github.io/posts/2014/Jun/19/bayesian-vs-frequentist-perspectives
https://bblais.github.io/a-foreshadowing-of-the-end-of-the-world.html,https://bblais.github.io/posts/2014/Mar/10/a-foreshadowing-of-the-end-of-the-world
https://bblais.github.io/how-to-dodge-the-consequences-of-belief.html,https://bblais.github.io/posts/2014/Mar/13/how-to-dodge-the-consequences-of-belief
https://bblais.github.io/noah-and-the-flood-did-it-happen-16-february-2008.html,https://bblais.github.io/posts/2014/Mar/19/noah-and-the-flood-did-it-happen-16-february-2008
https://bblais.github.io/dualism-naturalism-and-other-isms.html,https://bblais.github.io/posts/2014/May/06/dualism-naturalism-and-other-isms
https://bblais.github.io/skeptics-vs-realists.html,https://bblais.github.io/posts/2014/May/08/skeptics-vs-realists
https://bblais.github.io/spurious-correlations.html,https://bblais.github.io/posts/2014/May/12/spurious-correlations
https://bblais.github.io/siblings-and-astronomy.html,https://bblais.github.io/posts/2014/May/14/siblings-and-astronomy
https://bblais.github.io/supporting-dualism.html,https://bblais.github.io/posts/2014/May/16/supporting-dualism
https://bblais.github.io/statistical-heresies.html,https://bblais.github.io/posts/2014/May/22/statistical-heresies
https://bblais.github.io/pennies.html,https://bblais.github.io/posts/2014/May/28/pennies
https://bblais.github.io/a-good-bet-lost.html,https://bblais.github.io/posts/2014/May/29/a-good-bet-lost
https://bblais.github.io/objective-morality.html,https://bblais.github.io/posts/2014/Nov/21/objective-morality
https://bblais.github.io/statistical-inference-for-everyone-sie.html,https://bblais.github.io/posts/2014/Nov/21/statistical-inference-for-everyone-sie
https://bblais.github.io/objective-morality-defined.html,https://bblais.github.io/posts/2014/Nov/25/objective-morality-defined
https://bblais.github.io/what-is-ai.html,https://bblais.github.io/posts/2014/Oct/14/what-is-ai
https://bblais.github.io/something-from-nothing.html,https://bblais.github.io/posts/2014/Oct/28/something-from-nothing
https://bblais.github.io/theism-vs-atheism.html,https://bblais.github.io/posts/2014/Sep/18/theism-vs-atheism
https://bblais.github.io/will-the-sun-rise-tomorrow.html,https://bblais.github.io/posts/2014/Sep/22/will-the-sun-rise-tomorrow
https://bblais.github.io/will-the-sun-rise-tomorrow.html,https://bblais.github.io/posts/2014/Sep/22/will-the-sun-rise-tomorrow
https://bblais.github.io/three-years-of-weather.html,https://bblais.github.io/posts/2014/Sep/23/three-years-of-weather
https://bblais.github.io/naturalism-of-the-gaps.html,https://bblais.github.io/posts/2014/Sep/30/naturalism-of-the-gaps
https://bblais.github.io/superseding-the-t-test.html,https://bblais.github.io/posts/2015/Apr/23/superseding-the-t-test
https://bblais.github.io/deduction-induction-and-abduction-oh-my.html,https://bblais.github.io/posts/2015/Aug/10/deduction-induction-and-abduction-oh-my
https://bblais.github.io/the-giunta-dillahunty-debate.html,https://bblais.github.io/posts/2015/Aug/23/the-giunta-dillahunty-debate
https://bblais.github.io/end-of-a-long-semester.html,https://bblais.github.io/posts/2015/Dec/21/end-of-a-long-semester
https://bblais.github.io/testing-the-supernatural.html,https://bblais.github.io/posts/2015/Feb/04/testing-the-supernatural
https://bblais.github.io/misquoting-hume.html,https://bblais.github.io/posts/2015/Feb/21/misquoting-hume
https://bblais.github.io/we-should-all-be-biased.html,https://bblais.github.io/posts/2015/Jan/05/we-should-all-be-biased
https://bblais.github.io/demo-vs-experiment.html,https://bblais.github.io/posts/2015/Jan/20/demo-vs-experiment
https://bblais.github.io/how-to-deflate-a-football-deflating-story.html,https://bblais.github.io/posts/2015/Jan/23/how-to-deflate-a-football-deflating-story
https://bblais.github.io/pluto-pluto-here-we-come.html,https://bblais.github.io/posts/2015/Jul/03/pluto-pluto-here-we-come
https://bblais.github.io/evidence-vs-argument.html,https://bblais.github.io/posts/2015/Jul/28/evidence-vs-argument
https://bblais.github.io/football-physics.html,https://bblais.github.io/posts/2015/Jun/24/football-physics
https://bblais.github.io/simple-questions-that-get-to-the-heart-of-the-matter.html,https://bblais.github.io/posts/2015/Mar/03/simple-questions-that-get-to-the-heart-of-the-matter
https://bblais.github.io/priors-vs-likelihoods.html,https://bblais.github.io/posts/2015/May/05/priors-vs-likelihoods
https://bblais.github.io/expressing-ignorance.html,https://bblais.github.io/posts/2015/May/09/expressing-ignorance
https://bblais.github.io/its-not-the-new-atheists-that-are-arrogant.html,https://bblais.github.io/posts/2015/May/12/its-not-the-new-atheists-that-are-arrogant
https://bblais.github.io/on-miracles.html,https://bblais.github.io/posts/2015/May/13/on-miracles
https://bblais.github.io/we-find-god-not-guilty-of-existing.html,https://bblais.github.io/posts/2015/May/18/we-find-god-not-guilty-of-existing
https://bblais.github.io/disagreeing-with-neil-degrasse-tyson.html,https://bblais.github.io/posts/2015/Oct/07/disagreeing-with-neil-degrasse-tyson
https://bblais.github.io/answering-unanswerable-questions.html,https://bblais.github.io/posts/2015/Sep/11/answering-unanswerable-questions
https://bblais.github.io/is-science-a-self-sealing-process.html,https://bblais.github.io/posts/2016/Aug/19/is-science-a-self-sealing-process
https://bblais.github.io/happy-new-year.html,https://bblais.github.io/posts/2016/Jan/01/happy-new-year
https://bblais.github.io/argument-is-not-evidence.html,https://bblais.github.io/posts/2016/Jan/02/argument-is-not-evidence
https://bblais.github.io/incompetence-or-nervousness.html,https://bblais.github.io/posts/2016/Jan/03/incompetence-or-nervousness
https://bblais.github.io/philosophy-and-science.html,https://bblais.github.io/posts/2016/Jan/11/philosophy-and-science
https://bblais.github.io/student-course-evaluations.html,https://bblais.github.io/posts/2016/Jan/15/student-course-evaluations
https://bblais.github.io/what-makes-an-explanation-bad.html,https://bblais.github.io/posts/2016/Jul/29/what-makes-an-explanation-bad
https://bblais.github.io/laplace-and-twins.html,https://bblais.github.io/posts/2016/Mar/28/laplace-and-twins
https://bblais.github.io/probability-does-extend-logic.html,https://bblais.github.io/posts/2016/Nov/17/probability-does-extend-logic
https://bblais.github.io/jaynes-vs-gelman.html,https://bblais.github.io/posts/2016/Nov/24/jaynes-vs-gelman
https://bblais.github.io/mapping-worldview-to-probability.html,https://bblais.github.io/posts/2016/Sep/06/mapping-worldview-to-probability
https://bblais.github.io/four-types-of-bayesian-frequentist-comparisons.html,https://bblais.github.io/posts/2017/Apr/10/four-types-of-bayesian-frequentist-comparisons
https://bblais.github.io/even-if-determinism-were-true-it-wouldnt-matter.html,https://bblais.github.io/posts/2017/Feb/03/even-if-determinism-were-true-it-wouldnt-matter
https://bblais.github.io/can-you-guess-my-sign.html,https://bblais.github.io/posts/2017/Feb/11/can-you-guess-my-sign
https://bblais.github.io/climate-change.html,https://bblais.github.io/posts/2017/Feb/17/climate-change
https://bblais.github.io/pascals-wager-again.html,https://bblais.github.io/posts/2017/Feb/24/pascals-wager-again
https://bblais.github.io/free-will-on-my-mind.html,https://bblais.github.io/posts/2017/Jan/27/free-will-on-my-mind
https://bblais.github.io/do-skeptics-underestimate-the-case-for-the-resurrection.html,https://bblais.github.io/posts/2017/Jun/07/do-skeptics-underestimate-the-case-for-the-resurrection
https://bblais.github.io/philosophy-of-science-and-the-burden-of-proof.html,https://bblais.github.io/posts/2017/Mar/03/philosophy-of-science-and-the-burden-of-proof
https://bblais.github.io/are-there-serious-problems-with-evolution.html,https://bblais.github.io/posts/2017/Mar/11/are-there-serious-problems-with-evolution
https://bblais.github.io/do-we-really-need-algebra-2-and-calculus.html,https://bblais.github.io/posts/2017/Mar/17/do-we-really-need-algebra-2-and-calculus
https://bblais.github.io/mind-reader-and-skepticism.html,https://bblais.github.io/posts/2017/Mar/24/mind-reader-and-skepticism
https://bblais.github.io/twitter-zombies-and-the-fate-of-the-world.html,https://bblais.github.io/posts/2017/Mar/31/twitter-zombies-and-the-fate-of-the-world
https://bblais.github.io/does-art-lead-math.html,https://bblais.github.io/posts/2017/May/05/does-art-lead-math
https://bblais.github.io/push-back-against-bayes.html,https://bblais.github.io/posts/2017/Oct/24/push-back-against-bayes
https://bblais.github.io/not-all-extraordinary-claims-are-equal.html,https://bblais.github.io/posts/2017/Sep/05/not-all-extraordinary-claims-are-equal
https://bblais.github.io/happy-groundhog-day.html,https://bblais.github.io/posts/2018/Feb/01/happy-groundhog-day
https://bblais.github.io/more-than-enough-time.html,https://bblais.github.io/posts/2018/Feb/02/more-than-enough-time
https://bblais.github.io/facts-are-not-enough.html,https://bblais.github.io/posts/2018/Feb/05/facts-are-not-enough
https://bblais.github.io/3-reasons-why-belief-in-god-makes-sense.html,https://bblais.github.io/posts/2018/Feb/06/3-reasons-why-belief-in-god-makes-sense
https://bblais.github.io/sea-slug-brains.html,https://bblais.github.io/posts/2018/Feb/07/sea-slug-brains
https://bblais.github.io/the-power-of-a-story.html,https://bblais.github.io/posts/2018/Feb/09/the-power-of-a-story
https://bblais.github.io/the-truth-of-a-story.html,https://bblais.github.io/posts/2018/Feb/12/the-truth-of-a-story
https://bblais.github.io/getting-the-definitions-right.html,https://bblais.github.io/posts/2018/Feb/18/getting-the-definitions-right
https://bblais.github.io/physics-lab-ideas-structure-or-no.html,https://bblais.github.io/posts/2018/Feb/26/physics-lab-ideas-structure-or-no
https://bblais.github.io/happy-new-year-again.html,https://bblais.github.io/posts/2018/Jan/08/happy-new-year-again
https://bblais.github.io/where-probabilities-and-theology-meet.html,https://bblais.github.io/posts/2018/Jan/09/where-probabilities-and-theology-meet
https://bblais.github.io/art-scientific-reductionism-and-the-new-neuroscience.html,https://bblais.github.io/posts/2018/Jan/10/art-scientific-reductionism-and-the-new-neuroscience
https://bblais.github.io/im-not-a-denier-im-a-skeptic.html,https://bblais.github.io/posts/2018/Jan/11/im-not-a-denier-im-a-skeptic
https://bblais.github.io/how-to-be-productive-part-1-apps.html,https://bblais.github.io/posts/2018/Jan/15/how-to-be-productive-part-1-apps
https://bblais.github.io/how-to-be-productive-part-2-methods.html,https://bblais.github.io/posts/2018/Jan/16/how-to-be-productive-part-2-methods
https://bblais.github.io/lessons-from-jon-acuffs-book-finish.html,https://bblais.github.io/posts/2018/Jan/17/lessons-from-jon-acuffs-book-finish
https://bblais.github.io/naturalism-defined.html,https://bblais.github.io/posts/2018/Jan/22/naturalism-defined
https://bblais.github.io/cool-theorem-angle-bisector.html,https://bblais.github.io/posts/2018/Jan/29/cool-theorem-angle-bisector
https://bblais.github.io/matter-energy-and-the-spirit.html,https://bblais.github.io/posts/2018/Jan/31/matter-energy-and-the-spirit
https://bblais.github.io/10-dogmas-of-science-dismantled.html,https://bblais.github.io/posts/2018/Jun/18/10-dogmas-of-science-dismantled
https://bblais.github.io/top-reasons-for-belief.html,https://bblais.github.io/posts/2018/Mar/05/top-reasons-for-belief
https://bblais.github.io/life-from-non-life-and-other-conundrums.html,https://bblais.github.io/posts/2018/Mar/06/life-from-non-life-and-other-conundrums
https://bblais.github.io/your-lack-of-imagination-can-kill-you.html,https://bblais.github.io/posts/2018/Mar/07/your-lack-of-imagination-can-kill-you
https://bblais.github.io/exploring-the-idea-of-scrum.html,https://bblais.github.io/posts/2018/May/18/exploring-the-idea-of-scrum
https://bblais.github.io/a-cookbook-response-to-jordan-peterson.html,https://bblais.github.io/posts/2018/May/22/a-cookbook-response-to-jordan-peterson
https://bblais.github.io/there-is-more-than-enough-time.html,https://bblais.github.io/posts/2018/May/24/there-is-more-than-enough-time